{"0": {"1": [1.5145727445121125e-17, 1.095997282975521e-28, 8.980649106619211e-79, 5.0398720290710074e-101, 3.429826360099642e-113, 9.60235435961987e-133, 3.0272315851510612e-161, 1.9136999775136427e-184, 5.298777836208055, 6.92844575728942, 2.946557689982513, 0.49433522852652056, 0.4841436901737822, 0.4814091244444574], "2": [4.0873268636968685e-18, 2.0422504819615074e-29, 5.504064065600432e-80, 2.131646269381201e-102, 1.2050676970954846e-114, 2.5542562269619867e-134, 5.556046003218178e-163, 2.6588877405497344e-186, 5.153015176988596, 6.941064376657123, 2.920533224773799, 0.44751817319919435, 0.45734860235423447, 0.42522357290449797], "3": [6.869201733757068e-18, 3.975263682385629e-29, 1.668021510322051e-79, 7.491384066630688e-102, 4.560982430612404e-114, 1.0805631700842437e-133, 2.7268737519033274e-162, 1.4588900392063626e-185, 5.223529060585611, 6.960247828730401, 2.9766921409242606, 0.5405696015379201, 0.40398742436160917, 0.4804338107105518], "4": [1.820253693844688e-18, 7.262844539365085e-30, 9.979621537564847e-81, 3.0885920762549944e-103, 1.5609319803551806e-115, 2.7967182507063807e-135, 4.862564219695924e-164, 1.9672329260400442e-187, 5.06163177674294, 6.935482299284014, 2.92367214896175, 0.5372847669729235, 0.28962113657654337, 0.4804099235798345], "5": [3.1177697814454997e-18, 1.4464339259248423e-29, 3.1307299609798686e-80, 1.128010884829908e-102, 6.151519330543799e-115, 1.2355302825058006e-134, 2.5019085515660254e-163, 1.134878482954198e-186, 5.119409727081407, 6.935885451093376, 2.9096102163325135, 0.46690391862158637, 0.4026541218316099, 0.4416144223143063], "6": [8.112970668580314e-19, 2.5913125270805233e-30, 1.8287332067551e-81, 4.533941942247495e-104, 2.050965755614834e-116, 3.1119473733872386e-136, 4.33536941684253e-165, 1.4854848071205563e-188, 4.941773680771225, 6.873870606767555, 2.830019993045373, 0.4966550425345761, 0.34744941065055684, 0.4781420270023695], "7": [1.1896026267515518e-17, 6.608323621882831e-29, 2.921046806221012e-79, 1.3844174643331888e-101, 8.694100064342491e-114, 2.1662583606220773e-133, 5.879383904728005e-162, 3.33197650664466e-185, 1.3918063214108138, 6.919482759634944, -4.923896894793592, 0.9018103563389205, 0.8824492726046672, 0.8269127124113537], "8": [1.9955550317207763e-17, 1.2801013004788921e-28, 8.709186760821478e-79, 4.765978549526796e-101, 3.216196845300787e-113, 8.926716949909267e-133, 2.7978562165778154e-161, 1.7664447744116043e-184, 1.5840505085839824, 6.9489932161867625, -4.861486265205255, 0.9048968985549086, 0.858470901065529, 0.827315874556426]}, "500": {"1": [1.5145727445121125e-17, 1.095997282975521e-28, 8.980649106619211e-79, 5.0398720290710074e-101, 3.429826360099642e-113, 9.60235435961987e-133, 3.0272315851510612e-161, 1.9136999775136427e-184, 5.298777836208055, 6.92844575728942, 2.946557689982513, 0.49433522852652056, 0.4841436901737822, 0.4814091244444574], "2": [4.0873268636968685e-18, 2.0422504819615074e-29, 5.504064065600432e-80, 2.131646269381201e-102, 1.2050676970954846e-114, 2.5542562269619867e-134, 5.556046003218178e-163, 2.6588877405497344e-186, 5.153015176988596, 6.941064376657123, 2.920533224773799, 0.44751817319919435, 0.45734860235423447, 0.42522357290449797], "3": [6.869201733757068e-18, 3.975263682385629e-29, 1.668021510322051e-79, 7.491384066630688e-102, 4.560982430612404e-114, 1.0805631700842437e-133, 2.7268737519033274e-162, 1.4588900392063626e-185, 5.223529060585611, 6.960247828730401, 2.9766921409242606, 0.5405696015379201, 0.40398742436160917, 0.4804338107105518], "4": [1.820253693844688e-18, 7.262844539365085e-30, 9.979621537564847e-81, 3.0885920762549944e-103, 1.5609319803551806e-115, 2.7967182507063807e-135, 4.862564219695924e-164, 1.9672329260400442e-187, 5.06163177674294, 6.935482299284014, 2.92367214896175, 0.5372847669729235, 0.28962113657654337, 0.4804099235798345], "5": [3.1177697814454997e-18, 1.4464339259248423e-29, 3.1307299609798686e-80, 1.128010884829908e-102, 6.151519330543799e-115, 1.2355302825058006e-134, 2.5019085515660254e-163, 1.134878482954198e-186, 5.119409727081407, 6.935885451093376, 2.9096102163325135, 0.46690391862158637, 0.4026541218316099, 0.4416144223143063], "6": [8.112970668580314e-19, 2.5913125270805233e-30, 1.8287332067551e-81, 4.533941942247495e-104, 2.050965755614834e-116, 3.1119473733872386e-136, 4.33536941684253e-165, 1.4854848071205563e-188, 4.941773680771225, 6.873870606767555, 2.830019993045373, 0.4966550425345761, 0.34744941065055684, 0.4781420270023695], "7": [1.1896026267515518e-17, 6.608323621882831e-29, 2.921046806221012e-79, 1.3844174643331888e-101, 8.694100064342491e-114, 2.1662583606220773e-133, 5.879383904728005e-162, 3.33197650664466e-185, 1.3918063214108138, 6.919482759634944, -4.923896894793592, 0.9018103563389205, 0.8824492726046672, 0.8269127124113537], "8": [1.9955550317207763e-17, 1.2801013004788921e-28, 8.709186760821478e-79, 4.765978549526796e-101, 3.216196845300787e-113, 8.926716949909267e-133, 2.7978562165778154e-161, 1.7664447744116043e-184, 1.5840505085839824, 6.9489932161867625, -4.861486265205255, 0.9048968985549086, 0.858470901065529, 0.827315874556426]}}