{"0": {"1": [0.0, 9.998e-05, 0.5, [1.1729111367878406e-14, 4.951671096744245e-25, 8.055585846883515e-73, 2.635317906833787e-94, 4.329594242410795e-106, 4.5461266477213984e-125, 8.349836666812967e-153, 1.9791716096094034e-175, 2.580159582059721, 0.4675954227464776, -6.902227217101816, 0.4737929931516782, 0.16433758239590776, 0.5431786381453556]], "2": [0.01, 0.0228227, 0.5, [3.837716947009832e-15, 1.150164628921348e-25, 6.6851167599038244e-74, 1.551424381149313e-95, 2.1466947392803356e-107, 1.7421407347355814e-126, 2.2694031181569838e-154, 4.157090920591655e-177, 2.188192565331512, 0.6567539834473415, -7.467030541999065, 0.48325263647829764, 0.19737191980422977, 0.5580389812395853]], "3": [0.02, 9.998e-05, 0.5, [5.972025264884922e-15, 2.0497698321284264e-25, 1.7933112662397437e-73, 4.772147106774172e-95, 7.071439247609193e-107, 6.360516245300016e-126, 9.504929940284794e-154, 1.9301463975079298e-176, 2.3686971930038307, 0.6200346270775685, -7.224369061093845, 0.4968367566562255, 0.11827990237483785, 0.5605777354304122]], "4": [0.03, 0.0228227, 0.5, [1.9270108758933538e-15, 4.691276566766401e-26, 1.4626189997058561e-74, 2.758700647920737e-96, 3.441430354686153e-108, 2.3909187486768586e-127, 2.531886368985871e-155, 3.9708333946239856e-178, 1.939882186544423, 0.7410126797200167, -7.7658392291593294, 0.49693690436535726, 0.1564168468451454, 0.561125125674239]], "5": [0.04, 9.998e-05, 0.5, [3.04552176075101e-15, 8.519974049855557e-26, 4.0392996805123085e-74, 8.76581303510218e-96, 1.173056165568981e-107, 9.05571101384591e-127, 1.1038342039219521e-154, 1.9240167278420715e-177, 2.09916984578867, 0.681766387386753, -7.579305401013553, 0.4872899288573087, 0.07909082278587043, 0.5587681221756031]], "6": [0.05, 0.0228227, 0.5, [9.692705212174141e-16, 1.9216679339043102e-26, 3.238558126173944e-75, 4.977286172888239e-97, 5.60505158902243e-109, 3.3400651117491524e-128, 2.8827046044727493e-156, 3.8782219222988056e-179, 1.6345128732732683, 0.7343445448843025, -8.093200996365516, 0.47669038085676724, 0.12552338527889254, 0.5432973639960106]], "7": [0.99, 0.977177, 0.5, [1.075202959690555e-14, 3.4790348040530416e-25, 3.0388617284173546e-73, 8.40462984515833e-95, 1.2756597440553514e-106, 1.1950396632832319e-125, 1.8983348866328716e-153, 4.051387562309844e-176, 5.1188665809841805, 14.76940190874431, -14.850039890187164, 0.4741704293968231, 0.4047371156991327, 0.370657319526474]], "8": [0.98, 0.9999, 0.5, [1.6728627140729393e-14, 6.185862608793606e-25, 8.061124509979842e-73, 2.5474344941134207e-94, 4.13307286873718e-106, 4.279159045178702e-125, 7.767520074710802e-153, 1.8322172252004028e-175, 5.628142318540042, 14.626097247105978, -14.209653720647086, 0.47599261350328137, 0.3874957221818876, 0.3708013417007316]]}, "500": {"1": [0.0, 9.998e-05, 0.5, [1.1729111367878406e-14, 4.951671096744245e-25, 8.055585846883515e-73, 2.635317906833787e-94, 4.329594242410795e-106, 4.5461266477213984e-125, 8.349836666812967e-153, 1.9791716096094034e-175, 2.580159582059721, 0.4675954227464776, -6.902227217101816, 0.4737929931516782, 0.16433758239590776, 0.5431786381453556]], "2": [0.01, 0.0228227, 0.5, [3.837716947009832e-15, 1.150164628921348e-25, 6.6851167599038244e-74, 1.551424381149313e-95, 2.1466947392803356e-107, 1.7421407347355814e-126, 2.2694031181569838e-154, 4.157090920591655e-177, 2.188192565331512, 0.6567539834473415, -7.467030541999065, 0.48325263647829764, 0.19737191980422977, 0.5580389812395853]], "3": [0.02, 9.998e-05, 0.5, [5.972025264884922e-15, 2.0497698321284264e-25, 1.7933112662397437e-73, 4.772147106774172e-95, 7.071439247609193e-107, 6.360516245300016e-126, 9.504929940284794e-154, 1.9301463975079298e-176, 2.3686971930038307, 0.6200346270775685, -7.224369061093845, 0.4968367566562255, 0.11827990237483785, 0.5605777354304122]], "4": [0.03, 0.0228227, 0.5, [1.9270108758933538e-15, 4.691276566766401e-26, 1.4626189997058561e-74, 2.758700647920737e-96, 3.441430354686153e-108, 2.3909187486768586e-127, 2.531886368985871e-155, 3.9708333946239856e-178, 1.939882186544423, 0.7410126797200167, -7.7658392291593294, 0.49693690436535726, 0.1564168468451454, 0.561125125674239]], "5": [0.04, 9.998e-05, 0.5, [3.04552176075101e-15, 8.519974049855557e-26, 4.0392996805123085e-74, 8.76581303510218e-96, 1.173056165568981e-107, 9.05571101384591e-127, 1.1038342039219521e-154, 1.9240167278420715e-177, 2.09916984578867, 0.681766387386753, -7.579305401013553, 0.4872899288573087, 0.07909082278587043, 0.5587681221756031]], "6": [0.05, 0.0228227, 0.5, [9.692705212174141e-16, 1.9216679339043102e-26, 3.238558126173944e-75, 4.977286172888239e-97, 5.60505158902243e-109, 3.3400651117491524e-128, 2.8827046044727493e-156, 3.8782219222988056e-179, 1.6345128732732683, 0.7343445448843025, -8.093200996365516, 0.47669038085676724, 0.12552338527889254, 0.5432973639960106]], "7": [0.99, 0.977177, 0.5, [1.075202959690555e-14, 3.4790348040530416e-25, 3.0388617284173546e-73, 8.40462984515833e-95, 1.2756597440553514e-106, 1.1950396632832319e-125, 1.8983348866328716e-153, 4.051387562309844e-176, 5.1188665809841805, 14.76940190874431, -14.850039890187164, 0.4741704293968231, 0.4047371156991327, 0.370657319526474]], "8": [0.98, 0.9999, 0.5, [1.6728627140729393e-14, 6.185862608793606e-25, 8.061124509979842e-73, 2.5474344941134207e-94, 4.13307286873718e-106, 4.279159045178702e-125, 7.767520074710802e-153, 1.8322172252004028e-175, 5.628142318540042, 14.626097247105978, -14.209653720647086, 0.47599261350328137, 0.3874957221818876, 0.3708013417007316]]}}