{"0": [56.63480816157076, 43.17015299775184, 0.5663480816157076], "500": [56.63480816157076, 43.17015299775184, 0.5663480816157076]}