{
    "0": {
        "1": [0.0, 9.998e-05, 0.5],
        "2": [0.01, 0.0228227, 0.5],
        "3": [0.02, 9.998e-05, 0.5],
        "4": [0.03, 0.0228227, 0.5],
        "5": [0.04, 9.998e-05, 0.5],
        "6": [0.05, 0.0228227, 0.5],
        "7": [0.99, 0.977177, 0.5],
        "8": [0.98, 0.9999, 0.5]
    },
    "500": {
        "1": [0.0, 9.998e-05, 0.5],
        "2": [0.01, 0.0228227, 0.5],
        "3": [0.02, 9.998e-05, 0.5],
        "4": [0.03, 0.0228227, 0.5],
        "5": [0.04, 9.998e-05, 0.5],
        "6": [0.05, 0.0228227, 0.5],
        "7": [0.99, 0.977177, 0.5],
        "8": [0.98, 0.9999, 0.5]
    }
}
